[
    {
        "section": "MxSxC1",
        "titles": [
            {
                "title": "The Bosses",
                "names": [
                    	"Miscreat",
			"Lightning King"
                ]
            },
          
        ]
    },
    {
        "section": "GhostPack",
        "titles": [
            {
                "title": "Chief Creative Officers",
                "names": [
                    "Ghost Warden",
                    "Firefly Dragon"
                ]
            },
            {
                "title": "Game Directors",
                "names": [
                    "Agnes",
                    "Altimus"
                ]
            },
            {
                "title": "Narrative Director",
                "names": [
                    "MxSxC1"
                ]
            }

        ]
    }
 ]
   